route,label,features,model,MSE_train,MSE_test,max_error_train,max_error_test,R2_train,R2_test,best_params,best_score
Dunajska (from centre),1003-116-1,"['workday', 'weather', 'time_x', 'time_y', '9000000656-1', '9000000655-2']",krr,2416.4033777910345,2887.3968468694707,266.42339172563516,205.1700126437936,0.8029778417378124,0.7821236780756295,"{'alpha': 0.0001, 'gamma': 0.001, 'kernel': 'chi2'}",0.7962585117554313
Dunajska (to centre),1004-136-1,"['workday', 'weather', 'time_x', 'time_y', '9000000656-2', '9000000655-1']",krr,1544.704249698882,2335.022117486286,138.0563505999744,162.78511122893542,0.7735823584733812,0.5658616205390408,"{'alpha': 1e-05, 'gamma': 0.0001, 'kernel': 'chi2'}",0.7692748470146314
Ižanska (from centre),1040-236-1,"['workday', 'weather', 'time_x', 'time_y', '9000000820-1', '9000001506-1']",krr,478.31750241313307,823.3138887203247,96.49666033004178,118.52548097446561,0.9473488968518198,0.8988168928083351,"{'alpha': 1e-05, 'gamma': 0.001, 'kernel': 'chi2'}",0.9362966330099584
Ižanska (to centre),1040-236-2,"['workday', 'weather', 'time_x', 'time_y', '9000000820-2', '9000001506-2']",krr,564.0569094833187,774.3628727551287,106.32166574709117,115.93767975922674,0.8944463413135543,0.8462821271978701,"{'alpha': 1e-05, 'gamma': 0.001, 'kernel': 'chi2'}",0.8689624687005878
Slovenska (from centre),1026-136-1,"['workday', 'weather', 'time_x', 'time_y', '9000000619-1']",krr,426.2279059594895,425.5574622734632,114.76520464288842,98.3009022446713,0.8979371349967138,0.8921271890680939,"{'alpha': 0.001, 'gamma': 0.01, 'kernel': 'chi2'}",0.896048526327491
Slovenska (to centre),1025-116-1,"['workday', 'weather', 'time_x', 'time_y', '9000000619-2']",krr,692.3773159748259,911.3733670226194,139.91606820956804,202.5964806274278,0.7852339524088687,0.7055972212628125,"{'alpha': 0.001, 'gamma': 0.01, 'kernel': 'chi2'}",0.8016104366351305
Škofije (towards Koper),686-1,"['workday', 'weather', 'time_x', 'time_y', '9000001092-1']",gbr,489.91076538011356,635.5497035679797,108.5246857521883,118.80325034915705,0.8953169059653432,0.8667690179007008,"{'learning_rate': 0.1, 'n_estimators': 100}",0.8605235040959046
Škofije (towards Trieste),686-2,"['workday', 'weather', 'time_x', 'time_y', '9000001092-2']",krr,662.9403171016295,618.4116350072176,156.82634995042463,104.83510265615769,0.8849367672233306,0.8924805801714105,"{'alpha': 0.0001, 'gamma': 0.01, 'kernel': 'chi2'}",0.8736098197629042
